trade_id,politician,ticker,action,amount_range,transaction_date,report_date,ticker_type,copied_at,order_id,qty,side,status,excess_return_pct,notes
Markwayne Mullin_2026-02-25_UNH_Purchase,Markwayne Mullin,UNH,Purchase,"$50,001 - $100,000",2026-02-25,2026-03-10,Stock,2026-05-29T20:25:58.852314,SKIPPED,0,,skipped,23.7384304267483,Skipped: unsupported type Stock
Markwayne Mullin_2026-02-25_INTU_Sale (Full),Markwayne Mullin,INTU,Sale (Full),"$15,001 - $50,000",2026-02-25,2026-03-10,Stock,2026-05-29T20:25:58.853037,SKIPPED,0,,skipped,-23.5322838865629,Skipped: unsupported type Stock
Markwayne Mullin_2026-02-25_AZO_Sale (Full),Markwayne Mullin,AZO,Sale (Full),"$50,001 - $100,000",2026-02-25,2026-03-10,Stock,2026-05-29T20:25:58.853682,SKIPPED,0,,skipped,-28.4328496647945,Skipped: unsupported type Stock
Markwayne Mullin_2026-02-04_AIT_Sale (Full),Markwayne Mullin,AIT,Sale (Full),"$1,001 - $15,000",2026-02-04,2026-03-02,Stock,2026-05-29T20:25:58.855388,SKIPPED,0,,skipped,-4.03109251548933,Skipped: unsupported type Stock
Markwayne Mullin_2026-02-04_DELL_Sale (Full),Markwayne Mullin,DELL,Sale (Full),"$15,001 - $50,000",2026-02-04,2026-03-02,Stock,2026-05-29T20:25:58.856132,SKIPPED,0,,skipped,230.731730224744,Skipped: unsupported type Stock
Markwayne Mullin_2026-02-04_IRM_Sale (Full),Markwayne Mullin,IRM,Sale (Full),"$1,001 - $15,000",2026-02-04,2026-03-02,Stock,2026-05-29T20:25:58.856640,SKIPPED,0,,skipped,30.5504589261213,Skipped: unsupported type Stock
Markwayne Mullin_2026-02-04_FCFS_Purchase,Markwayne Mullin,FCFS,Purchase,"$15,001 - $50,000",2026-02-04,2026-03-02,Stock,2026-05-29T20:25:58.857124,SKIPPED,0,,skipped,17.989247422303,Skipped: unsupported type Stock
Markwayne Mullin_2026-02-04_APG_Purchase,Markwayne Mullin,APG,Purchase,"$15,001 - $50,000",2026-02-04,2026-03-02,Stock,2026-05-29T20:25:58.857612,SKIPPED,0,,skipped,-12.0723104251283,Skipped: unsupported type Stock
Markwayne Mullin_2026-02-04_C_Purchase,Markwayne Mullin,C,Purchase,"$15,001 - $50,000",2026-02-04,2026-03-02,Stock,2026-05-29T20:25:58.858119,SKIPPED,0,,skipped,-2.75699321204893,Skipped: unsupported type Stock
Markwayne Mullin_2026-02-04_COHR_Sale (Full),Markwayne Mullin,COHR,Sale (Full),"$15,001 - $50,000",2026-02-04,2026-03-02,Stock,2026-05-29T20:25:58.858626,SKIPPED,0,,skipped,55.5068043593993,Skipped: unsupported type Stock
Markwayne Mullin_2026-02-04_LRN_Purchase,Markwayne Mullin,LRN,Purchase,"$15,001 - $50,000",2026-02-04,2026-03-02,Stock,2026-05-29T20:25:58.859138,SKIPPED,0,,skipped,-1.82316886019725,Skipped: unsupported type Stock
Markwayne Mullin_2026-02-04_MCK_Purchase,Markwayne Mullin,MCK,Purchase,"$15,001 - $50,000",2026-02-04,2026-03-02,Stock,2026-05-29T20:25:58.859659,SKIPPED,0,,skipped,-19.4503340499825,Skipped: unsupported type Stock
Markwayne Mullin_2026-02-04_MPWR_Purchase,Markwayne Mullin,MPWR,Purchase,"$15,001 - $50,000",2026-02-04,2026-03-02,Stock,2026-05-29T20:25:58.860166,SKIPPED,0,,skipped,28.6537239365906,Skipped: unsupported type Stock
Markwayne Mullin_2026-02-04_MTZ_Sale (Full),Markwayne Mullin,MTZ,Sale (Full),"$15,001 - $50,000",2026-02-04,2026-03-02,Stock,2026-05-29T20:25:58.860674,SKIPPED,0,,skipped,48.3801023932913,Skipped: unsupported type Stock
Markwayne Mullin_2026-02-04_ADBE_Purchase,Markwayne Mullin,ADBE,Purchase,"$15,001 - $50,000",2026-02-04,2026-03-02,Stock,2026-05-29T20:25:58.861172,SKIPPED,0,,skipped,-18.7722698035667,Skipped: unsupported type Stock
Markwayne Mullin_2026-02-04_AMKR_Purchase,Markwayne Mullin,AMKR,Purchase,"$15,001 - $50,000",2026-02-04,2026-03-02,Stock,2026-05-29T20:25:58.861677,SKIPPED,0,,skipped,47.1313688579123,Skipped: unsupported type Stock
Markwayne Mullin_2026-02-04_CRDO_Sale (Full),Markwayne Mullin,CRDO,Sale (Full),"$15,001 - $50,000",2026-02-04,2026-03-02,Stock,2026-05-29T20:25:58.862184,SKIPPED,0,,skipped,126.48701231337,Skipped: unsupported type Stock
Markwayne Mullin_2026-02-04_CRS_Purchase,Markwayne Mullin,CRS,Purchase,"$15,001 - $50,000",2026-02-04,2026-03-02,Stock,2026-05-29T20:25:58.862696,SKIPPED,0,,skipped,29.77280871399,Skipped: unsupported type Stock
Markwayne Mullin_2026-02-04_GS_Sale (Full),Markwayne Mullin,GS,Sale (Full),"$15,001 - $50,000",2026-02-04,2026-03-02,Stock,2026-05-29T20:25:58.863224,SKIPPED,0,,skipped,2.01032837496082,Skipped: unsupported type Stock
Markwayne Mullin_2026-02-04_VSEC_Purchase,Markwayne Mullin,VSEC,Purchase,"$15,001 - $50,000",2026-02-04,2026-03-02,Stock,2026-05-29T20:25:58.863758,SKIPPED,0,,skipped,-13.9105814734092,Skipped: unsupported type Stock
Markwayne Mullin_2026-01-05_MCK_Purchase,Markwayne Mullin,MCK,Purchase,"$15,001 - $50,000",2026-01-05,2026-02-04,Stock,2026-05-29T20:25:58.864253,SKIPPED,0,,skipped,-19.501426387527,Skipped: unsupported type Stock
Markwayne Mullin_2026-01-05_VSEC_Purchase,Markwayne Mullin,VSEC,Purchase,"$15,001 - $50,000",2026-01-05,2026-02-04,Stock,2026-05-29T20:25:58.864809,SKIPPED,0,,skipped,-15.6790872957368,Skipped: unsupported type Stock
Markwayne Mullin_2026-01-05_AMKR_Purchase,Markwayne Mullin,AMKR,Purchase,"$15,001 - $50,000",2026-01-05,2026-02-04,Stock,2026-05-29T20:25:58.865315,SKIPPED,0,,skipped,33.4811507014133,Skipped: unsupported type Stock
Markwayne Mullin_2026-01-05_APG_Purchase,Markwayne Mullin,APG,Purchase,"$15,001 - $50,000",2026-01-05,2026-02-04,Stock,2026-05-29T20:25:58.865852,SKIPPED,0,,skipped,-7.38010022186871,Skipped: unsupported type Stock
Markwayne Mullin_2026-01-05_C_Purchase,Markwayne Mullin,C,Purchase,"$15,001 - $50,000",2026-01-05,2026-02-04,Stock,2026-05-29T20:25:58.866350,SKIPPED,0,,skipped,-7.59930539638485,Skipped: unsupported type Stock
Markwayne Mullin_2026-01-05_MPWR_Purchase,Markwayne Mullin,MPWR,Purchase,"$15,001 - $50,000",2026-01-05,2026-02-04,Stock,2026-05-29T20:25:58.866875,SKIPPED,0,,skipped,55.3445158781221,Skipped: unsupported type Stock
Markwayne Mullin_2026-01-05_AMKR_Purchase,Markwayne Mullin,AMKR,Purchase,"$15,001 - $50,000",2026-01-05,2026-02-04,Stock,2026-05-29T20:25:58.867485,SKIPPED,0,,skipped,33.4811507014133,Skipped: unsupported type Stock
Markwayne Mullin_2026-01-05_ADBE_Purchase,Markwayne Mullin,ADBE,Purchase,"$15,001 - $50,000",2026-01-05,2026-02-04,Stock,2026-05-29T20:25:58.868094,SKIPPED,0,,skipped,-32.790626142462,Skipped: unsupported type Stock
Markwayne Mullin_2026-01-05_C_Purchase,Markwayne Mullin,C,Purchase,"$15,001 - $50,000",2026-01-05,2026-02-04,Stock,2026-05-29T20:25:58.868822,SKIPPED,0,,skipped,-7.59930539638485,Skipped: unsupported type Stock
Markwayne Mullin_2026-01-05_ADBE_Purchase,Markwayne Mullin,ADBE,Purchase,"$15,001 - $50,000",2026-01-05,2026-02-04,Stock,2026-05-29T20:25:58.869404,SKIPPED,0,,skipped,-32.790626142462,Skipped: unsupported type Stock
Markwayne Mullin_2026-01-05_CRS_Purchase,Markwayne Mullin,CRS,Purchase,"$15,001 - $50,000",2026-01-05,2026-02-04,Stock,2026-05-29T20:25:58.870016,SKIPPED,0,,skipped,27.4337983650139,Skipped: unsupported type Stock
Markwayne Mullin_2026-01-05_FCFS_Purchase,Markwayne Mullin,FCFS,Purchase,"$15,001 - $50,000",2026-01-05,2026-02-04,Stock,2026-05-29T20:25:58.870524,SKIPPED,0,,skipped,25.2543351791151,Skipped: unsupported type Stock
Markwayne Mullin_2026-01-05_VSEC_Purchase,Markwayne Mullin,VSEC,Purchase,"$15,001 - $50,000",2026-01-05,2026-02-04,Stock,2026-05-29T20:25:58.871055,SKIPPED,0,,skipped,-15.6790872957368,Skipped: unsupported type Stock
Markwayne Mullin_2026-01-05_CRS_Purchase,Markwayne Mullin,CRS,Purchase,"$15,001 - $50,000",2026-01-05,2026-02-04,Stock,2026-05-29T20:25:58.871562,SKIPPED,0,,skipped,27.4337983650139,Skipped: unsupported type Stock
Markwayne Mullin_2026-01-05_FCFS_Purchase,Markwayne Mullin,FCFS,Purchase,"$15,001 - $50,000",2026-01-05,2026-02-04,Stock,2026-05-29T20:25:58.872058,SKIPPED,0,,skipped,25.2543351791151,Skipped: unsupported type Stock
Markwayne Mullin_2026-01-05_LRN_Purchase,Markwayne Mullin,LRN,Purchase,"$15,001 - $50,000",2026-01-05,2026-02-04,Stock,2026-05-29T20:25:58.872558,SKIPPED,0,,skipped,28.6505206400779,Skipped: unsupported type Stock
Markwayne Mullin_2026-01-05_MPWR_Purchase,Markwayne Mullin,MPWR,Purchase,"$15,001 - $50,000",2026-01-05,2026-02-04,Stock,2026-05-29T20:25:58.873132,SKIPPED,0,,skipped,55.3445158781221,Skipped: unsupported type Stock
Markwayne Mullin_2026-01-05_LRN_Purchase,Markwayne Mullin,LRN,Purchase,"$15,001 - $50,000",2026-01-05,2026-02-04,Stock,2026-05-29T20:25:58.873967,SKIPPED,0,,skipped,28.6505206400779,Skipped: unsupported type Stock
Markwayne Mullin_2026-01-05_MCK_Purchase,Markwayne Mullin,MCK,Purchase,"$15,001 - $50,000",2026-01-05,2026-02-04,Stock,2026-05-29T20:25:58.874587,SKIPPED,0,,skipped,-19.501426387527,Skipped: unsupported type Stock
Markwayne Mullin_2026-01-05_APG_Purchase,Markwayne Mullin,APG,Purchase,"$15,001 - $50,000",2026-01-05,2026-02-04,Stock,2026-05-29T20:25:58.875106,SKIPPED,0,,skipped,-7.38010022186871,Skipped: unsupported type Stock
Markwayne Mullin_2025-12-29_INTU_Purchase,Markwayne Mullin,INTU,Purchase,"$15,001 - $50,000",2025-12-29,2026-01-16,Stock,2026-05-29T20:25:58.875618,SKIPPED,0,,skipped,-61.5161255978155,Skipped: unsupported type Stock
Markwayne Mullin_2025-12-29_HLT_Purchase,Markwayne Mullin,HLT,Purchase,"$15,001 - $50,000",2025-12-29,2026-01-16,Stock,2026-05-29T20:25:58.876119,SKIPPED,0,,skipped,3.34334460128607,Skipped: unsupported type Stock
Markwayne Mullin_2025-12-29_ELV_Purchase,Markwayne Mullin,ELV,Purchase,"$15,001 - $50,000",2025-12-29,2026-01-16,Stock,2026-05-29T20:25:58.876741,SKIPPED,0,,skipped,2.29603983186021,Skipped: unsupported type Stock
Markwayne Mullin_2025-12-29_LLY_Purchase,Markwayne Mullin,LLY,Purchase,"$15,001 - $50,000",2025-12-29,2026-01-16,Stock,2026-05-29T20:25:58.877388,SKIPPED,0,,skipped,-8.28199813067497,Skipped: unsupported type Stock
Markwayne Mullin_2025-12-29_CAT_Purchase,Markwayne Mullin,CAT,Purchase,"$15,001 - $50,000",2025-12-29,2026-01-16,Stock,2026-05-29T20:25:58.877960,SKIPPED,0,,skipped,42.0949840936784,Skipped: unsupported type Stock
Markwayne Mullin_2025-12-29_CRM_Purchase,Markwayne Mullin,CRM,Purchase,"$15,001 - $50,000",2025-12-29,2026-01-16,Stock,2026-05-29T20:25:58.878495,SKIPPED,0,,skipped,-38.0489316767588,Skipped: unsupported type Stock
Markwayne Mullin_2025-12-29_CVX_Purchase,Markwayne Mullin,CVX,Purchase,"$15,001 - $50,000",2025-12-29,2026-01-16,Stock,2026-05-29T20:25:58.879022,SKIPPED,0,,skipped,9.89053221443709,Skipped: unsupported type Stock
Markwayne Mullin_2025-12-29_COP_Purchase,Markwayne Mullin,COP,Purchase,"$15,001 - $50,000",2025-12-29,2026-01-16,Stock,2026-05-29T20:25:58.879550,SKIPPED,0,,skipped,12.7817842559042,Skipped: unsupported type Stock
Markwayne Mullin_2025-12-29_NOW_Purchase,Markwayne Mullin,NOW,Purchase,"$15,001 - $50,000",2025-12-29,2026-01-16,Stock,2026-05-29T20:25:58.880052,SKIPPED,0,,skipped,-29.5055972908059,Skipped: unsupported type Stock
Markwayne Mullin_2025-12-29_HD_Purchase,Markwayne Mullin,HD,Purchase,"$15,001 - $50,000",2025-12-29,2026-01-16,Stock,2026-05-29T20:25:58.880542,SKIPPED,0,,skipped,-17.5189206515998,Skipped: unsupported type Stock
Markwayne Mullin_2025-12-29_AMAT_Purchase,Markwayne Mullin,AMAT,Purchase,"$15,001 - $50,000",2025-12-29,2026-01-16,Stock,2026-05-29T20:25:58.881030,SKIPPED,0,,skipped,61.3611206978042,Skipped: unsupported type Stock
Markwayne Mullin_2025-12-29_MA_Purchase,Markwayne Mullin,MA,Purchase,"$50,001 - $100,000",2025-12-29,2026-01-16,Stock,2026-05-29T20:25:58.881516,SKIPPED,0,,skipped,-23.3568622303097,Skipped: unsupported type Stock
Markwayne Mullin_2025-12-29_META_Purchase,Markwayne Mullin,META,Purchase,"$50,001 - $100,000",2025-12-29,2026-01-16,Stock,2026-05-29T20:25:58.881995,SKIPPED,0,,skipped,-14.6857836874671,Skipped: unsupported type Stock
Markwayne Mullin_2025-12-29_AAPL_Purchase,Markwayne Mullin,AAPL,Purchase,"$100,001 - $250,000",2025-12-29,2026-01-16,Stock,2026-05-29T20:25:58.882483,SKIPPED,0,,skipped,4.11160683516841,Skipped: unsupported type Stock
Markwayne Mullin_2025-12-29_AXP_Purchase,Markwayne Mullin,AXP,Purchase,"$1,001 - $15,000",2025-12-29,2026-01-16,Stock,2026-05-29T20:25:58.882975,SKIPPED,0,,skipped,-25.1181751399307,Skipped: unsupported type Stock
Markwayne Mullin_2025-12-29_AMZN_Purchase,Markwayne Mullin,AMZN,Purchase,"$100,001 - $250,000",2025-12-29,2026-01-16,Stock,2026-05-29T20:25:58.883468,SKIPPED,0,,skipped,7.51311234259847,Skipped: unsupported type Stock
Markwayne Mullin_2025-12-29_GS_Purchase,Markwayne Mullin,GS,Purchase,"$15,001 - $50,000",2025-12-29,2026-01-16,Stock,2026-05-29T20:25:58.883982,SKIPPED,0,,skipped,4.95943417575782,Skipped: unsupported type Stock
Markwayne Mullin_2025-12-29_ISRG_Purchase,Markwayne Mullin,ISRG,Purchase,"$15,001 - $50,000",2025-12-29,2026-01-16,Stock,2026-05-29T20:25:58.884487,SKIPPED,0,,skipped,-36.5976989876099,Skipped: unsupported type Stock
Markwayne Mullin_2025-12-29_COST_Purchase,Markwayne Mullin,COST,Purchase,"$15,001 - $50,000",2025-12-29,2026-01-16,Stock,2026-05-29T20:25:58.884978,SKIPPED,0,,skipped,-0.725540928941237,Skipped: unsupported type Stock
Markwayne Mullin_2025-12-29_IQV_Purchase,Markwayne Mullin,IQV,Purchase,"$15,001 - $50,000",2025-12-29,2026-01-16,Stock,2026-05-29T20:25:58.885623,SKIPPED,0,,skipped,-30.2082536337877,Skipped: unsupported type Stock
Markwayne Mullin_2025-12-29_NVDA_Purchase,Markwayne Mullin,NVDA,Purchase,"$100,001 - $250,000",2025-12-29,2026-01-16,Stock,2026-05-29T20:25:58.886125,SKIPPED,0,,skipped,4.89134822922827,Skipped: unsupported type Stock
Markwayne Mullin_2025-12-29_KO_Purchase,Markwayne Mullin,KO,Purchase,"$15,001 - $50,000",2025-12-29,2026-01-16,Stock,2026-05-29T20:25:58.886622,SKIPPED,0,,skipped,3.29551693595165,Skipped: unsupported type Stock
Markwayne Mullin_2025-12-29_LRCX_Purchase,Markwayne Mullin,LRCX,Purchase,"$50,001 - $100,000",2025-12-29,2026-01-16,Stock,2026-05-29T20:25:58.887123,SKIPPED,0,,skipped,72.368261270859,Skipped: unsupported type Stock
Markwayne Mullin_2025-12-29_MSFT_Purchase,Markwayne Mullin,MSFT,Purchase,"$100,001 - $250,000",2025-12-29,2026-01-16,Stock,2026-05-29T20:25:58.887633,SKIPPED,0,,skipped,-18.6233325975193,Skipped: unsupported type Stock
Markwayne Mullin_2025-12-29_BSX_Purchase,Markwayne Mullin,BSX,Purchase,"$15,001 - $50,000",2025-12-29,2026-01-16,Stock,2026-05-29T20:25:58.888126,SKIPPED,0,,skipped,-59.2506360748536,Skipped: unsupported type Stock
Markwayne Mullin_2025-12-29_DE_Purchase,Markwayne Mullin,DE,Purchase,"$15,001 - $50,000",2025-12-29,2026-01-16,Stock,2026-05-29T20:25:58.888636,SKIPPED,0,,skipped,6.21613671796548,Skipped: unsupported type Stock
Markwayne Mullin_2025-12-29_ICE_Purchase,Markwayne Mullin,ICE,Purchase,"$15,001 - $50,000",2025-12-29,2026-01-16,Stock,2026-05-29T20:25:58.889132,SKIPPED,0,,skipped,-18.4094185047666,Skipped: unsupported type Stock
Markwayne Mullin_2025-12-29_GOOGL_Purchase,Markwayne Mullin,GOOGL,Purchase,"$100,001 - $250,000",2025-12-29,2026-01-16,Stock,2026-05-29T20:25:58.889628,SKIPPED,0,,skipped,12.2136997551539,Skipped: unsupported type Stock
Markwayne Mullin_2025-12-29_RTX_Purchase,Markwayne Mullin,RTX,Purchase,"$15,001 - $50,000",2025-12-29,2026-01-16,Stock,2026-05-29T20:25:58.890111,SKIPPED,0,,skipped,-12.2751117798954,Skipped: unsupported type Stock
Markwayne Mullin_2025-12-29_COF_Purchase,Markwayne Mullin,COF,Purchase,"$50,001 - $100,000",2025-12-29,2026-01-16,Stock,2026-05-29T20:25:58.890628,SKIPPED,0,,skipped,-32.6617439564599,Skipped: unsupported type Stock
Markwayne Mullin_2025-12-29_JPM_Purchase,Markwayne Mullin,JPM,Purchase,"$50,001 - $100,000",2025-12-29,2026-01-16,Stock,2026-05-29T20:25:58.891114,SKIPPED,0,,skipped,-17.9835507724083,Skipped: unsupported type Stock
Markwayne Mullin_2025-12-18_COHR_Sale (Full),Markwayne Mullin,COHR,Sale (Full),"$15,001 - $50,000",2025-12-18,2026-01-13,Stock,2026-05-29T20:25:58.891615,SKIPPED,0,,skipped,87.1997776341015,Skipped: unsupported type Stock
Markwayne Mullin_2025-12-18_LRN_Sale (Full),Markwayne Mullin,LRN,Sale (Full),"$1,001 - $15,000",2025-12-18,2026-01-13,Stock,2026-05-29T20:25:58.892099,SKIPPED,0,,skipped,30.6372492938416,Skipped: unsupported type Stock
Markwayne Mullin_2025-12-18_DELL_Sale (Full),Markwayne Mullin,DELL,Sale (Full),"$15,001 - $50,000",2025-12-18,2026-01-13,Stock,2026-05-29T20:25:58.892603,SKIPPED,0,,skipped,226.660394212524,Skipped: unsupported type Stock
Markwayne Mullin_2025-12-18_GS_Sale (Full),Markwayne Mullin,GS,Sale (Full),"$15,001 - $50,000",2025-12-18,2026-01-13,Stock,2026-05-29T20:25:58.893089,SKIPPED,0,,skipped,5.16972013237197,Skipped: unsupported type Stock
Markwayne Mullin_2025-12-18_AIT_Sale (Full),Markwayne Mullin,AIT,Sale (Full),"$15,001 - $50,000",2025-12-18,2026-01-13,Stock,2026-05-29T20:25:58.893678,SKIPPED,0,,skipped,6.8489650634775,Skipped: unsupported type Stock
Markwayne Mullin_2025-12-18_CRDO_Sale (Full),Markwayne Mullin,CRDO,Sale (Full),"$15,001 - $50,000",2025-12-18,2026-01-13,Stock,2026-05-29T20:25:58.894153,SKIPPED,0,,skipped,53.839265422051,Skipped: unsupported type Stock
Markwayne Mullin_2025-12-18_DELL_Sale (Full),Markwayne Mullin,DELL,Sale (Full),"$15,001 - $50,000",2025-12-18,2026-01-13,Stock,2026-05-29T20:25:58.894653,SKIPPED,0,,skipped,226.660394212524,Skipped: unsupported type Stock
Markwayne Mullin_2025-12-18_IRM_Sale (Full),Markwayne Mullin,IRM,Sale (Full),"$15,001 - $50,000",2025-12-18,2026-01-13,Stock,2026-05-29T20:25:58.895150,SKIPPED,0,,skipped,48.9737804974239,Skipped: unsupported type Stock
Markwayne Mullin_2025-12-18_MTZ_Sale (Full),Markwayne Mullin,MTZ,Sale (Full),"$15,001 - $50,000",2025-12-18,2026-01-13,Stock,2026-05-29T20:25:58.895699,SKIPPED,0,,skipped,62.7184241522117,Skipped: unsupported type Stock
Markwayne Mullin_2025-12-18_PRMB_Sale (Full),Markwayne Mullin,PRMB,Sale (Full),"$1,001 - $15,000",2025-12-18,2026-01-13,Stock,2026-05-29T20:25:58.896182,SKIPPED,0,,skipped,43.5147196495728,Skipped: unsupported type Stock
Markwayne Mullin_2025-12-18_AIT_Sale (Full),Markwayne Mullin,AIT,Sale (Full),"$15,001 - $50,000",2025-12-18,2026-01-13,Stock,2026-05-29T20:25:58.896668,SKIPPED,0,,skipped,6.8489650634775,Skipped: unsupported type Stock
Markwayne Mullin_2025-12-18_COHR_Sale (Full),Markwayne Mullin,COHR,Sale (Full),"$15,001 - $50,000",2025-12-18,2026-01-13,Stock,2026-05-29T20:25:58.897154,SKIPPED,0,,skipped,87.1997776341015,Skipped: unsupported type Stock
Markwayne Mullin_2025-12-18_IRM_Sale (Full),Markwayne Mullin,IRM,Sale (Full),"$1,001 - $15,000",2025-12-18,2026-01-13,Stock,2026-05-29T20:25:58.897650,SKIPPED,0,,skipped,48.9737804974239,Skipped: unsupported type Stock
Markwayne Mullin_2025-12-18_LRN_Sale (Full),Markwayne Mullin,LRN,Sale (Full),"$1,001 - $15,000",2025-12-18,2026-01-13,Stock,2026-05-29T20:25:58.898149,SKIPPED,0,,skipped,30.6372492938416,Skipped: unsupported type Stock
Markwayne Mullin_2025-12-18_PRMB_Sale (Full),Markwayne Mullin,PRMB,Sale (Full),"$1,001 - $15,000",2025-12-18,2026-01-13,Stock,2026-05-29T20:25:58.898651,SKIPPED,0,,skipped,43.5147196495728,Skipped: unsupported type Stock
Markwayne Mullin_2025-12-18_GS_Sale (Full),Markwayne Mullin,GS,Sale (Full),"$15,001 - $50,000",2025-12-18,2026-01-13,Stock,2026-05-29T20:25:58.899147,SKIPPED,0,,skipped,5.16972013237197,Skipped: unsupported type Stock
Markwayne Mullin_2025-12-18_MTZ_Sale (Full),Markwayne Mullin,MTZ,Sale (Full),"$15,001 - $50,000",2025-12-18,2026-01-13,Stock,2026-05-29T20:25:58.899648,SKIPPED,0,,skipped,62.7184241522117,Skipped: unsupported type Stock
Markwayne Mullin_2025-12-18_CRDO_Sale (Full),Markwayne Mullin,CRDO,Sale (Full),"$15,001 - $50,000",2025-12-18,2026-01-13,Stock,2026-05-29T20:25:58.900104,SKIPPED,0,,skipped,53.839265422051,Skipped: unsupported type Stock
Markwayne Mullin_2025-12-17_PRMB_Sale (Full),Markwayne Mullin,PRMB,Sale (Full),"$1,001 - $15,000",2025-12-17,2026-01-13,Stock,2026-05-29T20:25:58.900566,SKIPPED,0,,skipped,42.0056248282905,Skipped: unsupported type Stock
Markwayne Mullin_2025-11-10_COF_Purchase,Markwayne Mullin,COF,Purchase,"$50,001 - $100,000",2025-11-10,2025-12-05,Stock,2026-05-29T20:25:58.901020,SKIPPED,0,,skipped,-24.8433864708311,Skipped: unsupported type Stock
Markwayne Mullin_2025-11-10_CSX_Sale (Full),Markwayne Mullin,CSX,Sale (Full),"$15,001 - $50,000",2025-11-10,2025-12-05,Stock,2026-05-29T20:25:58.901480,SKIPPED,0,,skipped,17.4534313063329,Skipped: unsupported type Stock
Markwayne Mullin_2025-11-10_PNR_Purchase,Markwayne Mullin,PNR,Purchase,"$15,001 - $50,000",2025-11-10,2025-12-05,Stock,2026-05-29T20:25:58.902105,SKIPPED,0,,skipped,-44.7324726909711,Skipped: unsupported type Stock
Markwayne Mullin_2025-11-10_ZTS_Sale (Full),Markwayne Mullin,ZTS,Sale (Full),"$15,001 - $50,000",2025-11-10,2025-12-05,Stock,2026-05-29T20:25:58.902563,SKIPPED,0,,skipped,-45.7942431547257,Skipped: unsupported type Stock
Markwayne Mullin_2025-11-03_CMG_Sale (Full),Markwayne Mullin,CMG,Sale (Full),"$15,001 - $50,000",2025-11-03,2025-11-21,Stock,2026-05-29T20:25:58.903040,SKIPPED,0,,skipped,-7.63561352936063,Skipped: unsupported type Stock
Markwayne Mullin_2025-11-03_FI_Sale (Full),Markwayne Mullin,FI,Sale (Full),"$15,001 - $50,000",2025-11-03,2025-11-21,Stock,2026-05-29T20:25:58.903502,SKIPPED,0,,skipped,-1.77060674125589,Skipped: unsupported type Stock
Markwayne Mullin_2025-11-03_BRK.B_Sale (Full),Markwayne Mullin,BRK.B,Sale (Full),"$15,001 - $50,000",2025-11-03,2025-11-21,Stock,2026-05-29T20:25:58.903959,SKIPPED,0,,skipped,-11.1558181947918,Skipped: unsupported type Stock
Markwayne Mullin_2025-11-03_MSFT_Purchase,Markwayne Mullin,MSFT,Purchase,"$250,001 - $500,000",2025-11-03,2025-11-21,Stock,2026-05-29T20:25:58.904413,SKIPPED,0,,skipped,-24.6611039360731,Skipped: unsupported type Stock
Markwayne Mullin_2025-11-03_TMUS_Sale (Full),Markwayne Mullin,TMUS,Sale (Full),"$50,001 - $100,000",2025-11-03,2025-11-21,Stock,2026-05-29T20:25:58.904917,SKIPPED,0,,skipped,-18.6149262807532,Skipped: unsupported type Stock
Markwayne Mullin_2025-09-23_WAB_Sale (Full),Markwayne Mullin,WAB,Sale (Full),"$1,001 - $15,000",2025-09-23,2025-10-01,Stock,2026-05-29T20:25:58.905374,SKIPPED,0,,skipped,20.6471648534662,Skipped: unsupported type Stock
Markwayne Mullin_2025-09-23_WAB_Sale (Full),Markwayne Mullin,WAB,Sale (Full),"$15,001 - $50,000",2025-09-23,2025-10-01,Stock,2026-05-29T20:25:58.905832,SKIPPED,0,,skipped,20.6471648534662,Skipped: unsupported type Stock
Markwayne Mullin_2025-09-23_WAB_Sale (Full),Markwayne Mullin,WAB,Sale (Full),"$15,001 - $50,000",2025-09-23,2025-10-01,Stock,2026-05-29T20:25:58.906285,SKIPPED,0,,skipped,20.6471648534662,Skipped: unsupported type Stock
Markwayne Mullin_2025-09-24_ADBE_Sale (Full),Markwayne Mullin,ADBE,Sale (Full),"$15,001 - $50,000",2025-09-24,2025-10-01,Stock,2026-05-29T20:25:58.906865,SKIPPED,0,,skipped,-41.66633972398,Skipped: unsupported type Stock
Markwayne Mullin_2025-09-24_ISRG_Purchase,Markwayne Mullin,ISRG,Purchase,"$50,001 - $100,000",2025-09-24,2025-10-01,Stock,2026-05-29T20:25:58.907552,SKIPPED,0,,skipped,-19.0812101004943,Skipped: unsupported type Stock
Markwayne Mullin_2025-09-24_IHF_Sale (Full),Markwayne Mullin,IHF,Sale (Full),"$15,001 - $50,000",2025-09-24,2025-10-01,Stock,2026-05-29T20:25:58.908124,SKIPPED,0,,skipped,-11.4475275509188,Skipped: unsupported type Stock
Markwayne Mullin_2025-09-24_TXN_Sale (Full),Markwayne Mullin,TXN,Sale (Full),"$15,001 - $50,000",2025-09-24,2025-10-01,Stock,2026-05-29T20:25:58.908646,SKIPPED,0,,skipped,54.0989817404119,Skipped: unsupported type Stock
Markwayne Mullin_2025-09-24_NOW_Purchase,Markwayne Mullin,NOW,Purchase,"$1,001 - $15,000",2025-09-24,2025-10-01,Stock,2026-05-29T20:25:58.909110,SKIPPED,0,,skipped,-47.4812802370599,Skipped: unsupported type Stock
Markwayne Mullin_2025-09-24_ACN_Sale (Full),Markwayne Mullin,ACN,Sale (Full),"$15,001 - $50,000",2025-09-24,2025-10-01,Stock,2026-05-29T20:25:58.909578,SKIPPED,0,,skipped,-37.3066647469936,Skipped: unsupported type Stock
Markwayne Mullin_2025-09-24_INTU_Purchase,Markwayne Mullin,INTU,Purchase,"$15,001 - $50,000",2025-09-24,2025-10-01,Stock,2026-05-29T20:25:58.910035,SKIPPED,0,,skipped,-67.114998257097,Skipped: unsupported type Stock
Markwayne Mullin_2025-09-24_UNH_Purchase,Markwayne Mullin,UNH,Purchase,"$15,001 - $50,000",2025-09-24,2025-10-01,Stock,2026-05-29T20:25:58.910491,SKIPPED,0,,skipped,-6.78282214705953,Skipped: unsupported type Stock
Markwayne Mullin_2025-08-01_UNH_Sale (Partial),Markwayne Mullin,UNH,Sale (Partial),"$15,001 - $50,000",2025-08-01,2025-08-18,Stock,2026-05-29T20:25:58.911083,SKIPPED,0,,skipped,37.0540568837892,Skipped: unsupported type Stock
